<c3p0-config>
	 <!-- 数据库连接池配置信息 -->

    <!-- 这是默认配置信息 -->
    <default-config>
        <!-- 连接池参数配置 -->
        <property name="jdbcUrl">jdbc:mysql://localhost:3306/myblog?useSSL=false&amp;useUnicode=true&amp;characterEncoding=utf-8</property>
        <property name="driverClass">com.mysql.jdbc.Driver</property>
        <property name="user">root</property>
        <property name="password">jinSHUcheng@0815</property>
        <!-- 池参数配置 -->
        <property name="acquireIncrement">5</property>
        <property name="initialPoolSize">20</property>
        <property name="minPoolSize">20</property>
        <property name="maxPoolSize">50</property>

        <property name="maxIdleTime">25200</property>
        <property name="idleConnectionTestPeriod">18000</property>
    </default-config>    
</c3p0-config>